Oplot,Pplot,Pweed,Pinsect,Oweed,Oinsect,Family,weight,Dam,Leaves,%Dam,flower,pods,survive,fecundity,,Plot,#surv,insect,weed,#start,%survival
1,1,1,0,0,0,9,3.294,4,4,0.25,0,0,1,0,,3,7,0,0,30,0.233333333
1,1,1,0,0,0,20,4.27,3,7,0.107,1,0,1,1,,6,5,0,0,30,0.166666667
1,6,0,0,0,0,20,2.7862,5,6,0.208,0,0,1,0,,7,10,0,0,30,0.333333333
1,7,0,0,0,0,7,4.3014,8,11,0.182,0,0,1,0,,15,1,0,0,13,0.076923077
1,7,0,0,0,0,24,3.851,4,7,0.143,0,2,1,2,,16,1,0,0,30,0.033333333
1,8,1,0,0,0,10,3.0156,0,4,0,0,1,1,1,,20,9,0,0,30,0.3
1,9,0,1,0,0,8,2.9469,0,5,0,0,0,1,0,,1,18,0,1,30,0.6
1,10,1,0,0,0,30,2.7819,0,4,0,0,1,1,1,,2,16,0,1,30,0.533333333
1,11,0,1,0,0,10,3.8923,2,3,0.167,0,0,1,0,,8,17,0,1,30,0.566666667
1,11,0,1,0,0,3,2.5507,3,10,0.075,0,1,1,1,,10,18,0,1,30,0.6
1,13,1,1,0,0,28,2.9326,,,,,,0,,,14,15,0,1,30,0.5
1,13,1,1,0,0,22,1.8091,,,,,,0,,,21,2,0,1,30,0.066666667
1,14,1,0,0,0,23,3.9459,0,3,0,0,1,1,1,,4,20,1,0,30,0.666666667
1,18,0,1,0,0,6,3.1795,,,,,,0,,,9,20,1,0,30,0.666666667
1,22,1,1,0,0,12,4.1574,5,15,0.083,0,2,1,2,,11,23,1,0,30,0.766666667
1,22,1,1,0,0,20,3.9335,4,20,0.05,1,3,1,4,,12,27,1,0,30,0.9
1,24,1,1,0,0,17,3.6467,,,,,,0,,,18,24,1,0,30,0.8
2,4,0,1,0,1,28,2.2112,,,,,,0,,,19,28,1,0,30,0.933333333
2,7,0,0,0,1,7,3.4059,3,13,0.058,0,2,1,2,,5,29,1,1,30,0.966666667
2,7,0,0,0,1,4,3.469,,,,,,0,,,13,23,1,1,30,0.766666667
2,14,1,0,0,1,26,3.2342,1,13,0.019,1,3,1,4,,17,24,1,1,27,0.888888889
2,14,1,0,0,1,2,3.2925,1,7,,,,0,,,22,19,1,1,30,0.633333333
2,14,1,0,0,1,3,3.9955,,,,,,0,,,23,28,1,1,30,0.933333333
2,18,0,1,0,1,18,3.7406,0,8,,,,0,,,24,24,1,1,30,0.8
2,18,0,1,0,1,21,3.944,,,,,,0,,,,,,,,
2,19,0,1,0,1,23,2.8174,,7,0,1,0,1,1,,,,,,,
2,23,1,1,0,1,18,3.8229,0,11,0,1,1,1,2,,,,,,,
2,24,1,1,0,1,23,3.8542,0,13,0,2,1,1,3,,,,,,,
3,1,1,0,1,0,7,4.0804,1,9,0.028,0,3,1,3,,,,,,,
3,2,1,0,1,0,8,1.7301,,,,,,0,,,,,,,,
3,4,0,1,1,0,27,2.6625,1,5,0.05,0,1,1,1,,,,,,,
3,4,0,1,1,0,11,3.8343,6,7,0.214,1,1,1,2,,,,,,,
3,5,1,1,1,0,8,1.7258,1,3,0.083,1,2,1,3,,,,,,,
3,6,0,0,1,0,6,2.4158,,,,,,0,,,,,,,,
3,7,0,0,1,0,24,4.416,3,9,0.083,0,0,1,0,,,,,,,
3,7,0,0,1,0,7,3.5735,0,2,0,0,0,1,0,,,,,,,
3,7,0,0,1,0,12,2.3255,1,3,0.083,0,1,1,1,,,,,,,
3,7,0,0,1,0,4,3.4233,,,,,,0,,,,,,,,
3,9,0,1,1,0,18,4.385,0,5,0,0,2,1,2,,,,,,,
3,10,1,0,1,0,4,3.5907,2,4,0.125,0,0,1,0,,,,,,,
3,10,1,0,1,0,26,4.2476,3,2,0.375,0,2,1,2,,,,,,,
3,10,1,0,1,0,21,2.987,5,5,0.25,1,2,1,3,,,,,,,
3,10,1,0,1,0,9,2.6214,,,,,,0,,,,,,,,
3,10,1,0,1,0,29,2.688,,,,,,0,,,,,,,,
3,11,0,1,1,0,8,3.5704,1,4,0.063,0,1,1,1,,,,,,,
3,11,0,1,1,0,7,4.4744,1,3,0.083,0,2,1,2,,,,,,,
3,12,0,1,1,0,14,3.711,3,3,0.25,0,1,1,1,,,,,,,
3,12,0,1,1,0,3,3.1305,,,,,,0,,,,,,,,
3,12,0,1,1,0,21,4.3047,,,,,,0,,,,,,,,
3,13,1,1,1,0,24,2.9864,0,5,0,0,1,1,1,,,,,,,
3,13,1,1,1,0,21,4.5595,2,9,0.056,2,2,1,4,,,,,,,
3,13,1,1,1,0,4,2.8197,,,,,,0,,,,,,,,
3,14,1,0,1,0,2,3.68,5,11,0.114,0,3,1,3,,,,,,,
3,14,1,0,1,0,18,2.5486,,,,,,0,,,,,,,,
3,17,1,1,1,0,22,3.1792,0,1,0,0,0,1,0,,,,,,,
3,17,1,1,1,0,24,2.2491,0,3,0,0,1,1,1,,,,,,,
3,17,1,1,1,0,19,3.2398,,,,,,0,,,,,,,,
3,18,0,1,1,0,18,3.7336,,,,,,0,,,,,,,,
3,18,0,1,1,0,6,2.4964,,,,,,0,,,,,,,,
3,19,0,1,1,0,24,3.5401,0,6,0,0,3,1,3,,,,,,,
3,19,0,1,1,0,14,2.3577,8,23,0.087,4,11,1,15,,,,,,,
3,20,0,0,1,0,15,4.3043,,,,,,0,,,,,,,,
3,22,1,1,1,0,15,4.3131,0,3,0,0,1,1,1,,,,,,,
3,22,1,1,1,0,17,4.6993,,,,,,0,,,,,,,,
3,22,1,1,1,0,6,4.5589,,,,,,0,,,,,,,,
3,23,1,1,1,0,16,4.0857,8,7,0.286,0,2,1,2,,,,,,,
3,23,1,1,1,0,16,2.7267,,,,,,0,,,,,,,,
3,24,1,1,1,0,2,2.6635,,,,,,0,,,,,,,,
4,1,1,0,1,1,12,4.018,1,6,0.042,0,2,1,2,,,,,,,
4,1,1,0,1,1,7,4.3646,0,6,0,0,3,1,3,,,,,,,
4,1,1,0,1,1,26,2.4046,0,10,0,0,11,1,11,,,,,,,
4,2,1,0,1,1,16,3.7325,0,7,0,0,3,1,3,,,,,,,
4,4,0,1,1,1,26,4.2954,,,,,,0,,,,,,,,
4,5,1,1,1,1,24,3.8546,1,3,0.083,0,2,1,2,,,,,,,
4,5,1,1,1,1,19,4.1397,0,8,0,0,3,1,3,,,,,,,
4,6,0,0,1,1,10,2.9311,0,6,0,0,1,1,1,,,,,,,
4,6,0,0,1,1,6,1.9301,0,2,0,0,1,1,1,,,,,,,
4,6,0,0,1,1,20,2.9225,1,8,0.031,0,2,1,2,,,,,,,
4,6,0,0,1,1,7,4.6388,1,13,0.019,0,8,1,8,,,,,,,
4,7,0,0,1,1,29,3.485,0,1,0,0,2,1,2,,,,,,,
4,7,0,0,1,1,18,1.9369,0,4,0,1,3,1,4,,,,,,,
4,7,0,0,1,1,18,2.8059,,,,,,0,,,,,,,,
4,8,1,0,1,1,5,3.6795,2,6,0.083,0,1,1,1,,,,,,,
4,8,1,0,1,1,2,2.365,0,9,0,0,9,1,9,,,,,,,
4,8,1,0,1,1,10,3.607,,,,,,0,,,,,,,,
4,9,0,1,1,1,6,2.3447,1,7,0.036,0,1,1,1,,,,,,,
4,9,0,1,1,1,8,3.374,4,6,0.167,0,1,1,1,,,,,,,
4,9,0,1,1,1,27,4.7402,,,,,,0,,,,,,,,
4,10,1,0,1,1,12,4.5794,1,2,0.125,0,1,1,1,,,,,,,
4,11,0,1,1,1,8,3.9089,0,7,0,0,2,1,2,,,,,,,
4,11,0,1,1,1,23,5.2116,,,,,,0,,,,,,,,
4,12,0,1,1,1,1,2.3021,0,4,0,0,1,1,1,,,,,,,
4,12,0,1,1,1,9,2.426,0,4,0,0,1,1,1,,,,,,,
4,12,0,1,1,1,9,3.7503,2,9,0.056,0,5,1,5,,,,,,,
4,13,1,1,1,1,13,3.5915,0,9,0,0,4,1,4,,,,,,,
4,13,1,1,1,1,19,4.0784,2,12,0.042,1,4,1,5,,,,,,,
4,13,1,1,1,1,27,2.9493,0,6,0,0,6,1,6,,,,,,,
4,14,1,0,1,1,18,2.2263,0,2,0,0,1,1,1,,,,,,,
4,14,1,0,1,1,9,1.4335,2,4,0.125,1,3,1,4,,,,,,,
4,15,0,0,1,1,13,3.2303,1,8,0.031,0,4,1,4,,,,,,,
4,16,0,0,1,1,8,1.4862,,,,,,0,,,,,,,,
4,20,0,0,1,1,15,4.5184,0,10,0,2,5,1,7,,,,,,,
4,22,1,1,1,1,11,4.8218,5,13,0.096,0,6,1,6,,,,,,,
4,22,1,1,1,1,22,3.7876,,,,,,0,,,,,,,,
4,23,1,1,1,1,13,3.4519,0,8,0,0,3,1,3,,,,,,,
4,23,1,1,1,1,17,4.4889,0,7,0,0,3,1,3,,,,,,,
4,23,1,1,1,1,4,2.7068,0,8,0,0,3,1,3,,,,,,,
4,23,1,1,1,1,17,3.1682,,,,,,0,,,,,,,,
5,2,1,0,0,0,2,3.3694,0,4,0,0,1,1,1,,,,,,,
5,5,1,1,0,0,27,2.7908,1,5,0.05,0,2,1,2,,,,,,,
5,5,1,1,0,0,15,2.2059,,,,,,0,,,,,,,,
5,6,0,0,0,0,6,2.4353,2,2,0.25,0,2,1,2,,,,,,,
5,6,0,0,0,0,10,3.7319,,,,,,0,,,,,,,,
5,7,0,0,0,0,7,4.0358,2,7,0.071,2,2,1,4,,,,,,,
5,7,0,0,0,0,4,3.6187,,,,,,0,,,,,,,,
5,7,0,0,0,0,26,3.9573,,,,,,0,,,,,,,,
5,8,1,0,0,0,4,3.091,1,4,0.063,0,0,1,0,,,,,,,
5,8,1,0,0,0,12,3.8735,,,,,,0,,,,,,,,
5,8,1,0,0,0,4,3.2085,,,,,,0,,,,,,,,
5,9,0,1,0,0,19,2.6718,0,2,0,0,1,1,1,,,,,,,
5,9,0,1,0,0,18,4.4383,2,3,0.167,0,1,1,1,,,,,,,
5,11,0,1,0,0,10,3.3343,,,,,,0,,,,,,,,
5,11,0,1,0,0,10,2.5656,,,,,,0,,,,,,,,
5,12,0,1,0,0,4,3.4899,,,,,,0,,,,,,,,
5,14,1,0,0,0,4,2.4994,3,3,0.25,0,0,1,0,,,,,,,
5,14,1,0,0,0,25,2.9136,2,6,0.083,1,2,1,3,,,,,,,
5,17,1,1,0,0,1,3.2924,0,4,0,0,1,1,1,,,,,,,
5,17,1,1,0,0,1,5.2628,,,,,,0,,,,,,,,
5,18,0,1,0,0,6,3.2099,0,3,0,0,0,1,0,,,,,,,
5,19,0,1,0,0,3,3.5851,4,3,0.333,0,0,1,0,,,,,,,
5,20,0,0,0,0,15,4.4673,2,3,0.167,0,0,1,0,,,,,,,
5,20,0,0,0,0,15,4.291,2,10,0.05,0,2,1,2,,,,,,,
5,21,1,0,0,0,22,3.4112,0,1,0,0,1,1,1,,,,,,,
5,23,1,1,0,0,13,3.383,11,6,0.458,0,2,1,2,,,,,,,
5,24,1,1,0,0,17,2.9842,7,6,0.292,1,2,1,3,,,,,,,
5,24,1,1,0,0,18,3.0436,,,,,,0,,,,,,,,
6,1,1,0,0,1,4,2.1934,0,7,0,1,1,1,2,,,,,,,
6,1,1,0,0,1,17,3.6721,6,6,0.25,1,1,1,2,,,,,,,
6,2,1,0,0,1,20,2.1036,,,,,,0,,,,,,,,
6,4,0,1,0,1,11,3.8289,5,14,0.089,1,8,1,9,,,,,,,
6,5,1,1,0,1,9,4.3971,1,4,0.063,1,1,1,2,,,,,,,
6,6,0,0,0,1,6,3.6888,3,8,0.094,1,2,1,3,,,,,,,
6,6,0,0,0,1,10,2.8547,3,6,0.125,1,2,1,3,,,,,,,
6,6,0,0,0,1,7,4.1226,,,,,,0,,,,,,,,
6,7,0,0,0,1,6,3.0209,1,7,0.036,2,1,1,3,,,,,,,
6,7,0,0,0,1,7,4.1942,0,10,0,3,3,1,6,,,,,,,
6,7,0,0,0,1,7,3.8013,2,20,0.025,6,3,1,9,,,,,,,
6,8,1,0,0,1,16,2.0179,,,,,,0,,,,,,,,
6,9,0,1,0,1,24,2.3343,,,,,,0,,,,,,,,
6,10,1,0,0,1,21,3.2849,4,6,0.167,2,0,1,2,,,,,,,
6,10,1,0,0,1,9,3.6445,,,,,,0,,,,,,,,
6,11,0,1,0,1,8,3.3594,,,,,,0,,,,,,,,
6,12,0,1,0,1,25,4.4255,2,17,0.029,3,4,1,7,,,,,,,
6,12,0,1,0,1,1,2.7019,5,83,0.015,0,36,1,36,,,,,,,
6,13,1,1,0,1,24,3.0218,2,3,0.167,2,0,1,2,,,,,,,
6,17,1,1,0,1,1,3.6335,7,8,0.219,1,2,1,3,,,,,,,
6,18,0,1,0,1,27,3.0848,3,8,0.094,1,2,1,3,,,,,,,
6,18,0,1,0,1,30,3.7511,2,7,0.071,1,2,1,3,,,,,,,
6,18,0,1,0,1,19,3.3654,,,,,,0,,,,,,,,
6,18,0,1,0,1,19,4.0922,,,,,,0,,,,,,,,
6,19,0,1,0,1,29,3.7025,3,9,0.083,1,3,1,4,,,,,,,
6,20,0,0,0,1,5,4.6047,1,5,0.05,1,,1,1,,,,,,,
6,20,0,0,0,1,5,4.6197,2,5,0.1,0,1,1,1,,,,,,,
6,20,0,0,0,1,10,3.2261,7,8,0.219,0,1,1,1,,,,,,,
6,20,0,0,0,1,12,4.0112,1,7,0.036,2,1,1,3,,,,,,,
6,20,0,0,0,1,15,4.3515,,,,,,0,,,,,,,,
6,22,1,1,0,1,17,4.9922,,,,,,0,,,,,,,,
6,23,1,1,0,1,12,3.774,1,8,0.031,0,4,1,4,,,,,,,
6,23,1,1,0,1,12,2.9093,,,,,,0,,,,,,,,
6,24,1,1,0,1,26,4.091,,,,,,0,,,,,,,,
6,24,1,1,0,1,2,2.5435,,,,,,0,,,,,,,,
7,4,0,1,1,0,11,3.7308,0,6,,,,0,,,,,,,,
7,5,1,1,1,0,20,4.0768,1,5,0.05,0,1,1,1,,,,,,,
7,6,0,0,1,0,10,3.1949,,,,,,0,,,,,,,,
7,6,0,0,1,0,6,2.8834,,,,,,0,,,,,,,,
7,7,0,0,1,0,12,3.5994,,,,,,0,,,,,,,,
7,8,1,0,1,0,10,3.5639,0,5,,,,0,,,,,,,,
7,8,1,0,1,0,12,3.2605,,,,,,0,,,,,,,,
7,9,0,1,1,0,8,2.0787,0,4,,,,0,,,,,,,,
7,9,0,1,1,0,19,3.2367,,,,,,0,,,,,,,,
7,9,0,1,1,0,24,3.8601,,,,,,0,,,,,,,,
7,10,1,0,1,0,4,2.8378,,,,,,0,,,,,,,,
7,12,0,1,1,0,9,3.1111,0,3,,,,0,,,,,,,,
7,13,1,1,1,0,11,4.6634,3,8,,,,0,,,,,,,,
7,17,1,1,1,0,19,2.7525,,,,,,0,,,,,,,,
7,21,1,0,1,0,28,1.4796,,,,,,0,,,,,,,,
7,23,1,1,1,0,24,3.7927,,,,,,0,,,,,,,,
7,23,1,1,1,0,19,2.8571,,,,,,0,,,,,,,,
7,24,1,1,1,0,14,3.8258,,,,,,0,,,,,,,,
8,1,1,0,1,1,12,4.6942,,,,,,0,,,,,,,,
8,4,0,1,1,1,26,2.6329,0,6,0,0,2,1,2,,,,,,,
8,5,1,1,1,1,8,2.253,0,14,0,1,3,1,4,,,,,,,
8,7,0,0,1,1,24,3.9742,1,9,0.028,2,4,1,6,,,,,,,
8,7,0,0,1,1,12,2.0708,5,30,0.042,0,8,1,8,,,,,,,
8,8,1,0,1,1,2,1.9791,0,11,0,0,2,1,2,,,,,,,
8,9,0,1,1,1,19,3.0675,0,3,0,1,0,1,1,,,,,,,
8,9,0,1,1,1,14,4.033,,,,,,0,,,,,,,,
8,9,0,1,1,1,5,4.3982,,,,,,0,,,,,,,,
8,11,0,1,1,1,21,2.4753,0,7,0,0,1,1,1,,,,,,,
8,14,1,0,1,1,23,2.7675,1,4,,,,0,,,,,,,,
8,14,1,0,1,1,2,3.0433,,,,,,0,,,,,,,,
8,16,0,0,1,1,8,3.3411,2,16,0.031,0,4,1,4,,,,,,,
8,17,1,1,1,1,22,3.4581,4,16,0.063,2,2,1,4,,,,,,,
8,18,0,1,1,1,19,3.1345,3,14,0.054,2,3,1,5,,,,,,,
8,18,0,1,1,1,17,2.1182,0,3,,,,0,,,,,,,,
8,19,0,1,1,1,8,2.6668,,,,,,0,,,,,,,,
8,20,0,0,1,1,15,4.7224,3,20,0.038,1,3,1,4,,,,,,,
8,20,0,0,1,1,15,4.2987,,,,,,0,,,,,,,,
8,21,1,0,1,1,10,3.3909,0,10,0,0,4,1,4,,,,,,,
8,21,1,0,1,1,4,3.4362,2,6,,,,0,,,,,,,,
8,22,1,1,1,1,21,3.8729,0,2,,,,0,,,,,,,,
8,23,1,1,1,1,26,2.7439,0,4,,,,0,,,,,,,,
8,24,1,1,1,1,27,3.9027,1,11,0.023,0,2,1,2,,,,,,,
9,6,0,0,0,0,20,3.1038,4,11,,,,0,,,,,,,,
9,6,0,0,0,0,10,2.8817,,,,,,0,,,,,,,,
9,7,0,0,0,0,7,2.4447,3,13,0.058,0,1,1,1,,,,,,,
9,7,0,0,0,0,7,3.8275,,,,,,0,,,,,,,,
9,7,0,0,0,0,4,3.748,,,,,,0,,,,,,,,
9,8,1,0,0,0,10,3.2883,12,21,0.143,3,2,1,5,,,,,,,
9,9,0,1,0,0,6,3.2967,1,6,,,,0,,,,,,,,
9,10,1,0,0,0,4,3.1691,3,6,0.125,0,1,1,1,,,,,,,
9,10,1,0,0,0,24,4.4075,12,17,0.176,0,2,1,2,,,,,,,
9,11,0,1,0,0,10,3.8673,9,18,0.125,0,3,1,3,,,,,,,
9,12,0,1,0,0,30,2.9141,0,10,0,5,1,1,6,,,,,,,
9,12,0,1,0,0,28,1.5298,,,,,,0,,,,,,,,
9,17,1,1,0,0,11,4.0231,3,17,0.044,3,1,1,4,,,,,,,
9,18,0,1,0,0,30,3.5286,7,12,0.146,2,0,1,2,,,,,,,
9,18,0,1,0,0,9,3.612,2,8,0.063,2,1,1,3,,,,,,,
9,18,0,1,0,0,6,3.1886,0,5,,,,0,,,,,,,,
9,19,0,1,0,0,18,1.9677,,,,,,0,,,,,,,,
9,20,0,0,0,0,5,4.03,,,,,,0,,,,,,,,
9,23,1,1,0,0,18,3.702,,,,,,0,,,,,,,,
9,24,1,1,0,0,2,1.9903,,,,,,0,,,,,,,,
10,1,1,0,1,0,17,3.9715,2,6,0.083,0,1,1,1,,,,,,,
10,1,1,0,1,0,12,2.3231,,,,,,0,,,,,,,,
10,7,0,0,1,0,6,2.4485,0,3,,,,0,,,,,,,,
10,7,0,0,1,0,29,3.4671,0,8,,,,0,,,,,,,,
10,7,0,0,1,0,29,3.3676,,,,,,0,,,,,,,,
10,10,1,0,1,0,4,2.6824,3,7,,,,0,,,,,,,,
10,11,0,1,1,0,6,2.6662,,,,,,0,,,,,,,,
10,12,0,1,1,0,9,3.3553,,,,,,0,,,,,,,,
10,13,1,1,1,0,3,2.7972,,,,,,0,,,,,,,,
10,14,1,0,1,0,25,3.1838,0,3,,,,0,,,,,,,,
10,19,0,1,1,0,28,3.1399,,,,,,0,,,,,,,,
10,22,1,1,1,0,21,4.4789,,,,,,0,,,,,,,,
10,22,1,1,1,0,6,4.9655,,,,,,0,,,,,,,,
10,23,1,1,1,0,2,2.4927,0,8,,,,0,,,,,,,,
10,24,1,1,1,0,14,4.163,,,,,,0,,,,,,,,
11,1,1,0,0,1,9,2.805,2,10,0.05,0,2,1,2,,,,,,,
11,5,1,1,0,1,30,3.1256,3,12,0.063,4,3,1,7,,,,,,,
11,7,0,0,0,1,2,4.4127,7,13,0.135,0,5,1,5,,,,,,,
11,7,0,0,0,1,7,2.5533,9,53,0.042,9,11,1,20,,,,,,,
11,7,0,0,0,1,4,3.8358,,,,,,0,,,,,,,,
11,7,0,0,0,1,6,3.0619,,,,,,0,,,,,,,,
11,7,0,0,0,1,2,3.955,,,,,,0,,,,,,,,
11,8,1,0,0,1,5,4.0143,2,7,,,,0,,,,,,,,
11,9,0,1,0,1,18,4.5364,0,4,0,0,2,1,2,,,,,,,
11,11,0,1,0,1,7,4.2744,,,,,,0,,,,,,,,
11,12,0,1,0,1,17,2.3674,0,3,,,,0,,,,,,,,
11,13,1,1,0,1,6,3.313,,,,,,0,,,,,,,,
11,13,1,1,0,1,4,2.9132,,,,,,0,,,,,,,,
11,17,1,1,0,1,12,5.4967,,,,,,0,,,,,,,,
11,18,0,1,0,1,18,3.6494,,,,,,0,,,,,,,,
11,22,1,1,0,1,27,4.0848,4,28,0.036,4,0,1,4,,,,,,,
11,22,1,1,0,1,13,4.293,0,5,,,,0,,,,,,,,
11,22,1,1,0,1,17,4.6821,,,,,,0,,,,,,,,
12,1,1,0,1,1,22,5.8392,2,6,0.083,1,0,1,1,,,,,,,
12,4,0,1,1,1,11,4.0016,3,6,0.125,1,0,1,1,,,,,,,
12,5,1,1,1,1,9,4.4075,,,,,,0,,,,,,,,
12,6,0,0,1,1,6,3.619,3,5,0.15,1,0,1,1,,,,,,,
12,7,0,0,1,1,7,4.4073,,,,,,0,,,,,,,,
12,8,1,0,1,1,12,3.3524,5,5,0.25,1,0,1,1,,,,,,,
12,10,1,0,1,1,14,3.4783,,,,,,0,,,,,,,,
12,10,1,0,1,1,29,3.2768,,,,,,0,,,,,,,,
12,11,0,1,1,1,17,3.4265,,,,,,0,,,,,,,,
12,13,1,1,1,1,28,3.0399,,,,,,0,,,,,,,,
12,14,1,0,1,1,23,3.9321,3,3,0.25,0,1,1,1,,,,,,,
12,14,1,0,1,1,23,3.5337,,,,,,0,,,,,,,,
12,18,0,1,1,1,27,3.0188,,,,,,0,,,,,,,,
12,21,1,0,1,1,4,4.3799,,,,,,0,,,,,,,,
12,22,1,1,1,1,2,2.9078,,,,,,0,,,,,,,,
12,24,1,1,1,1,5,3.2155,,,,,,0,,,,,,,,
14,7,0,0,1,0,12,3.1771,,,,,,0,,,,,,,,
14,11,0,1,1,0,10,4.3389,,,,,,0,,,,,,,,
14,14,1,0,1,0,11,3.6082,,,,,,0,,,,,,,,
14,18,0,1,1,0,21,4.1046,,,,,,0,,,,,,,,
14,18,0,1,1,0,19,3.3849,,,,,,0,,,,,,,,
14,19,0,1,1,0,10,3.9077,,,,,,0,,,,,,,,
14,20,0,0,1,0,15,3.7939,,,,,,0,,,,,,,,
14,23,1,1,1,0,19,3.1404,,,,,,0,,,,,,,,
18,2,1,0,0,0,11,3.1674,,,,,,0,,,,,,,,
18,6,0,0,0,0,6,2.6408,,,,,,0,,,,,,,,
18,6,0,0,0,0,23,3.4963,,,,,,0,,,,,,,,
18,7,0,0,0,0,15,2.2961,,,,,,0,,,,,,,,
18,8,1,0,0,0,23,3.7051,9,17,0.132,4,7,1,11,,,,,,,
18,10,1,0,0,0,30,1.6896,0,6,0,0,1,1,1,,,,,,,
18,10,1,0,0,0,30,3.8456,,,,,,0,,,,,,,,
18,11,0,1,0,0,6,3.466,2,4,,,,0,,,,,,,,
18,12,0,1,0,0,9,3.7069,3,11,0.068,2,3,1,5,,,,,,,
18,12,0,1,0,0,21,2.2203,,,,,,0,,,,,,,,
18,13,1,1,0,0,24,4.682,,,,,,0,,,,,,,,
18,13,1,1,0,0,24,3.8031,,,,,,0,,,,,,,,
18,14,1,0,0,0,23,3.9149,1,21,0.012,5,1,1,6,,,,,,,
18,14,1,0,0,0,3,4.7504,,,,,,0,,,,,,,,
18,18,0,1,0,0,9,3.4253,1,9,0.028,1,0,1,1,,,,,,,
18,18,0,1,0,0,16,2.0991,,,,,,0,,,,,,,,
18,18,0,1,0,0,21,3.0883,,,,,,0,,,,,,,,
18,19,0,1,0,0,12,5.4251,,,,,,0,,,,,,,,
18,21,1,0,0,0,3,3.7338,,,,,,0,,,,,,,,
18,23,1,1,0,0,14,3.3867,,,,,,0,,,,,,,,
18,24,1,1,0,0,8,4.3621,,,,,,0,,,,,,,,
19,2,1,0,0,1,2,3.7448,,,,,,0,,,,,,,,
19,4,0,1,0,1,26,4.3548,2,5,0.1,1,0,1,1,,,,,,,
19,4,0,1,0,1,30,3.7336,,,,,,0,,,,,,,,
19,4,0,1,0,1,11,2.8513,,,,,,0,,,,,,,,
19,5,1,1,0,1,20,4.4011,0,8,0,1,0,1,1,,,,,,,
19,5,1,1,0,1,28,4.4441,2,11,0.045,2,0,1,2,,,,,,,
19,7,0,0,0,1,29,3.3197,1,5,0.05,1,0,1,1,,,,,,,
19,7,0,0,0,1,29,2.5109,7,9,0.194,0,2,1,2,,,,,,,
19,7,0,0,0,1,2,3.9834,10,13,0.192,2,3,1,5,,,,,,,
19,7,0,0,0,1,29,2.9795,,,,,,0,,,,,,,,
19,8,1,0,0,1,10,2.4692,2,6,0.083,1,0,1,1,,,,,,,
19,8,1,0,0,1,23,3.8564,6,8,0.188,2,0,1,2,,,,,,,
19,8,1,0,0,1,10,3.8632,,,,,,0,,,,,,,,
19,8,1,0,0,1,10,3.7259,,,,,,0,,,,,,,,
19,10,1,0,0,1,29,2.5091,3,3,0.25,0,0,1,0,,,,,,,
19,10,1,0,0,1,30,2.9147,1,4,0.063,0,0,1,0,,,,,,,
19,10,1,0,0,1,10,2.6256,1,6,0.042,1,0,1,1,,,,,,,
19,10,1,0,0,1,27,3.8136,4,15,0.067,1,4,1,5,,,,,,,
19,13,1,1,0,1,24,4.3581,3,7,0.107,1,2,1,3,,,,,,,
19,14,1,0,0,1,23,3.7066,1,8,0.031,0,2,1,2,,,,,,,
19,17,1,1,0,1,26,3.6786,4,8,0.125,2,0,1,2,,,,,,,
19,18,0,1,0,1,5,4.3847,,,,,,0,,,,,,,,
19,19,0,1,0,1,30,3.8,0,1,0,1,0,1,1,,,,,,,
19,19,0,1,0,1,29,3.3661,,,,,,0,,,,,,,,
19,19,0,1,0,1,15,3.4466,,,,,,0,,,,,,,,
19,20,0,0,0,1,5,5.8827,7,17,0.103,2,2,1,4,,,,,,,
19,21,1,0,0,1,28,0.5989,0,8,0,1,0,1,1,,,,,,,
19,23,1,1,0,1,18,3.3705,3,14,0.054,0,3,1,3,,,,,,,
19,23,1,1,0,1,17,4.1214,,,,,,0,,,,,,,,
19,23,1,1,0,1,27,4.6037,,,,,,0,,,,,,,,
20,5,1,1,1,1,30,4.3833,0,6,0,1,0,1,1,,,,,,,
20,5,1,1,1,1,16,4.2034,,,,,,0,,,,,,,,
20,6,0,0,1,1,6,2.023,0,12,0,0,1,1,1,,,,,,,
20,6,0,0,1,1,20,2.3843,,,,,,0,,,,,,,,
20,6,0,0,1,1,6,2.1083,,,,,,0,,,,,,,,
20,7,0,0,1,1,7,4.2792,,,,,,0,,,,,,,,
20,10,1,0,1,1,8,4.6187,2,12,0.042,0,4,1,4,,,,,,,
20,10,1,0,1,1,30,3.6854,,,,,,0,,,,,,,,
20,11,0,1,1,1,14,3.2602,,,,,,0,,,,,,,,
20,13,1,1,1,1,18,3.2199,1,9,0.028,1,1,1,2,,,,,,,
20,13,1,1,1,1,22,2.6593,2,12,0.042,1,1,1,2,,,,,,,
20,13,1,1,1,1,8,2.2751,,,,,,0,,,,,,,,
20,14,1,0,1,1,25,2.8834,,,,,,0,,,,,,,,
20,14,1,0,1,1,16,2.3867,,,,,,0,,,,,,,,
20,15,0,0,1,1,6,2.2263,,,,,,0,,,,,,,,
20,18,0,1,1,1,27,2.3337,2,8,0.063,2,0,1,2,,,,,,,
20,23,1,1,1,1,17,4.4249,0,3,0,0,0,1,0,,,,,,,
20,24,1,1,1,1,14,2.9707,3,9,0.083,0,1,1,1,,,,,,,
21,2,1,0,0,0,8,2.0521,0,2,,,,0,,,,,,,,
21,4,0,1,0,0,28,3.1929,10,14,0.179,1,0,1,1,,,,,,,
21,5,1,1,0,0,24,3.9913,5,8,0.156,2,1,1,3,,,,,,,
21,6,0,0,0,0,23,3.6947,0,4,0,0,2,1,2,,,,,,,
21,6,0,0,0,0,7,4.0181,2,12,0.042,1,2,1,3,,,,,,,
21,6,0,0,0,0,10,2.7894,,,,,,0,,,,,,,,
21,7,0,0,0,0,29,3.4672,5,14,0.089,1,2,1,3,,,,,,,
21,7,0,0,0,0,4,3.5692,,,,,,0,,,,,,,,
21,7,0,0,0,0,29,3.3474,,,,,,0,,,,,,,,
21,7,0,0,0,0,7,3.6013,,,,,,0,,,,,,,,
21,8,1,0,0,0,10,3.7189,22,24,0.229,2,3,1,5,,,,,,,
21,9,0,1,0,0,18,4.8261,18,19,0.237,3,4,1,7,,,,,,,
21,9,0,1,0,0,18,2.382,2,6,,,,0,,,,,,,,
21,10,1,0,0,0,12,1.8029,0,4,,,,0,,,,,,,,
21,10,1,0,0,0,29,3.1415,,0,,,,0,,,,,,,,
21,11,0,1,0,0,21,2.8225,3,10,0.075,1,0,1,1,,,,,,,
21,14,1,0,0,0,16,3.7806,1,7,0.036,0,3,1,3,,,,,,,
21,14,1,0,0,0,3,4.1909,,,,,,0,,,,,,,,
21,15,0,0,0,0,6,2.3474,,,,,,0,,,,,,,,
21,17,1,1,0,0,7,4.1356,19,21,0.226,1,0,1,1,,,,,,,
21,17,1,1,0,0,26,4.4697,,0,,,,0,,,,,,,,
21,18,0,1,0,0,5,4.2278,,,,,,0,,,,,,,,
21,19,0,1,0,0,11,2.6229,5,5,0.25,0,2,1,2,,,,,,,
21,19,0,1,0,0,4,3.4634,4,4,0.25,0,2,1,2,,,,,,,
21,19,0,1,0,0,29,3.5221,,,,,,0,,,,,,,,
21,19,0,1,0,0,12,5.1668,1,4,,,,0,,,,,,,,
21,20,0,0,0,0,10,3.1849,1,10,0.025,0,3,1,3,,,,,,,
21,20,0,0,0,0,15,2.488,,,,,,0,,,,,,,,
21,21,1,0,0,0,22,3.2965,11,17,0.162,1,3,1,4,,,,,,,
21,22,1,1,0,0,2,4.1136,7,7,0.25,0,2,1,2,,,,,,,
21,22,1,1,0,0,6,3.7652,16,16,0.25,2,1,1,3,,,,,,,
21,23,1,1,0,0,19,2.9792,,,,,,0,,,,,,,,
21,24,1,1,0,0,18,3.8885,12,10,0.3,0,3,1,3,,,,,,,
21,24,1,1,0,0,1,3.7833,14,17,0.206,1,3,1,4,,,,,,,
21,24,1,1,0,0,2,4.1218,10,33,0.076,1,5,1,6,,,,,,,
22,5,1,1,1,0,10,2.7272,,,,,,0,,,,,,,,
22,6,0,0,1,0,20,2.9347,0,4,0,0,1,1,1,,,,,,,
22,6,0,0,1,0,20,4.535,,,,,,0,,,,,,,,
22,7,0,0,1,0,12,2.7,0,8,0,0,2,1,2,,,,,,,
22,10,1,0,1,0,10,2.156,0,4,0,0,0,1,0,,,,,,,
22,10,1,0,1,0,23,2.8953,6,8,0.188,0,1,1,1,,,,,,,
22,13,1,1,1,0,3,3.1871,,,,,,0,,,,,,,,
22,13,1,1,1,0,22,2.8578,,,,,,0,,,,,,,,
22,18,0,1,1,0,22,3.7438,1,5,0.05,1,1,1,2,,,,,,,
22,20,0,0,1,0,5,4.8899,0,10,0,0,2,1,2,,,,,,,
22,23,1,1,1,0,8,3.4271,,,,,,0,,,,,,,,
22,24,1,1,1,0,18,4.1911,2,10,0.05,0,4,1,4,,,,,,,
23,2,1,0,1,1,11,2.5028,1,8,0.031,0,2,1,2,,,,,,,
23,4,0,1,1,1,11,3.8002,5,17,0.074,2,3,1,5,,,,,,,
23,5,1,1,1,1,9,4.3026,2,11,0.045,2,1,1,3,,,,,,,
23,5,1,1,1,1,8,3.0252,4,16,0.063,1,4,1,5,,,,,,,
23,6,0,0,1,1,6,3.3024,,,,,,0,,,,,,,,
23,6,0,0,1,1,6,2.7348,,,,,,0,,,,,,,,
23,7,0,0,1,1,10,2.0359,2,18,0.028,0,3,1,3,,,,,,,
23,7,0,0,1,1,6,2.6384,,,,,,0,,,,,,,,
23,8,1,0,1,1,12,3.6839,4,23,0.043,0,3,1,3,,,,,,,
23,8,1,0,1,1,4,2.8218,3,13,0.058,1,4,1,5,,,,,,,
23,8,1,0,1,1,10,3.6035,,,,,,0,,,,,,,,
23,9,0,1,1,1,8,3.2271,1,9,0.028,1,0,1,1,,,,,,,
23,9,0,1,1,1,9,3.9017,3,11,0.068,2,1,1,3,,,,,,,
23,9,0,1,1,1,8,2.858,1,23,0.011,1,3,1,4,,,,,,,
23,9,0,1,1,1,10,2.9973,2,18,0.028,0,4,1,4,,,,,,,
23,10,1,0,1,1,9,2.3916,,,,,,0,,,,,,,,
23,11,0,1,1,1,10,3.7504,10,33,0.076,0,7,1,7,,,,,,,
23,11,0,1,1,1,10,4.2961,,,,,,0,,,,,,,,
23,12,0,1,1,1,9,3.4534,3,6,0.125,0,2,1,2,,,,,,,
23,13,1,1,1,1,24,4.3052,0,31,0,2,3,1,5,,,,,,,
23,13,1,1,1,1,16,3.6027,,,,,,0,,,,,,,,
23,14,1,0,1,1,2,4.3284,6,23,0.065,0,5,1,5,,,,,,,
23,17,1,1,1,1,1,4.7613,13,52,0.063,2,11,1,13,,,,,,,
23,18,0,1,1,1,16,1.9575,1,8,0.031,0,4,1,4,,,,,,,
23,18,0,1,1,1,30,3.8162,11,26,0.106,1,4,1,5,,,,,,,
23,21,1,0,1,1,3,3.4339,2,15,0.033,0,1,1,1,,,,,,,
23,21,1,0,1,1,21,4.1016,1,16,0.016,1,2,1,3,,,,,,,
23,21,1,0,1,1,10,3.1074,4,20,0.05,1,4,1,5,,,,,,,
23,22,1,1,1,1,21,4.9785,4,37,0.027,3,0,1,3,,,,,,,
23,23,1,1,1,1,18,2.8258,0,10,0,1,1,1,2,,,,,,,
23,23,1,1,1,1,2,3.0938,,,,,,0,,,,,,,,
24,6,0,0,0,1,20,2.6457,,,,,,0,,,,,,,,
24,6,0,0,0,1,23,3.5851,,,,,,0,,,,,,,,
24,7,0,0,0,1,6,2.1605,,,,,,0,,,,,,,,
24,8,1,0,0,1,12,3.5638,,,,,,0,,,,,,,,
24,10,1,0,0,1,4,3.2555,0,3,0,0,1,1,1,,,,,,,
24,11,0,1,0,1,21,3.7411,,,,,,0,,,,,,,,
24,11,0,1,0,1,12,1.9348,,,,,,0,,,,,,,,
24,11,0,1,0,1,8,3.9732,,,,,,0,,,,,,,,
24,13,1,1,0,1,24,4.1555,,,,,,0,,,,,,,,
24,14,1,0,0,1,27,2.6451,,,,,,0,,,,,,,,
24,14,1,0,0,1,2,3.6162,,,,,,0,,,,,,,,
24,14,1,0,0,1,16,3.7232,,,,,,0,,,,,,,,
24,17,1,1,0,1,7,4.8162,,,,,,0,,,,,,,,
24,20,0,0,0,1,5,5.5159,2,3,0.167,1,1,1,2,,,,,,,
24,20,0,0,0,1,15,4.2368,,,,,,0,,,,,,,,
24,22,1,1,0,1,6,4.3443,7,3,0.583,0,0,1,0,,,,,,,
24,22,1,1,0,1,22,2.8137,,,,,,0,,,,,,,,
24,22,1,1,0,1,6,3.5169,,,,,,0,,,,,,,,
24,22,1,1,0,1,2,3.7684,,,,,,0,,,,,,,,
24,24,1,1,0,1,1,2.2147,,,,,,0,,,,,,,,
